figure_file,phase,figure_role,one_sentence_takeaway,source_dataset,evidence_scope,recommended_presentation_use
a0-a2-publication-timeline.svg,A0-A3,roadmap,"The study moves from governance to common screening to per-arm search, while transfer remains gated.",A0_A1_A2_phase_summary_figure_20260818.csv,"A0 engineering validation; A1 and A2 measured development evidence; A3 pending",Opening roadmap
a1-common-screen-quality.png,A1,diagnostic_comparison,"Quality changes with both the retrieval arm and the deterministic document representation.",A1_common_screen_aggregate_eda_20260818.csv,"Complete 25-cell A1 terminal run",Main A1 result
a1-common-screen-efficiency.png,A1,operational_tradeoff,"Quality, latency, wall time, and graphics-memory demand are different trade-offs.",A1_common_screen_aggregate_eda_20260818.csv,"Complete 25-cell A1 terminal run",Operational interpretation
a1-development-role-split.png,A1,method_and_leakage_control,"Representation development and later harness adaptation use separate predefined development roles.",A0_A1_A2_phase_summary_figure_20260818.csv,"Frozen split commitment; no protected membership exposed",Methods and leakage-control slide
a2-coverage-recovery.png,A2,completeness_audit,"All 52 authorized candidates are accounted for: 44 measured, eight dormant, and none failed.",A2_per_arm_autoindex_outcomes_eda_20260818.csv,"Passed A2 execution closeout and result-integrity audit",A2 completeness slide
a2-per-arm-outcomes.png,A2,primary_result,"Three arms advance to transfer analysis while two remain diagnostic no-winner outcomes.",A2_per_arm_autoindex_outcomes_eda_20260818.csv,"Passed A2 execution closeout and result-integrity audit",Main A2 result
a2-quality-latency-cost-frontier.png,A2,quality_operational_frontier,"Quality must be read together with operational latency and charged cost.",A1_A2_quality_frontier_figure_20260818.csv,"Aggregate-safe development evidence",Trade-off slide or appendix
a2-matched-reserve-decision-path.png,A2,decision_audit,"Conditional reserves were activated only by the prespecified decision path.",A2_per_arm_autoindex_outcomes_eda_20260818.csv,"Receipt-bound reserve accounting",Methods audit
a2-evidence-chain.png,A2,evidence_provenance,"Advisor-facing claims trace to closeout, integrity, and safe-return evidence.",A0_A1_A2_phase_summary_figure_20260818.csv,"Aggregate-safe projection of canonical evidence",Trust and reproducibility slide
